id,new_brand
74637,Cera Ve
100,La Roche Posay
287,Neutrogena
74657,Neutrogena
77015,La Roche Posay
83004,Garnier
85186,Himalaya
85185,Neutrogena
74671,Neutrogena
83003,Cetaphil
85184,The Ordinary
80789,La Roche Posay
960,La Roche Posay
79223,Neutrogena
21958,La Roche Posay
6342,La Roche Posay
85196,Nivea
1139,La Roche Posay
1237,La Roche Posay
72337,Cetaphil
1320,POND'S
85203,Garnier
21975,Mamaearth
1454,Neutrogena
1510,La Roche Posay
74709,The Ordinary
1678,POND'S
72410,La Roche Posay
80831,Neutrogena
8737,Cetaphil
2095,The Ordinary
87264,Cera Ve
2141,Neutrogena
74738,Cetaphil
2692,Mamaearth
2765,Cera Ve
72376,Cera Ve
2820,Himalaya
79315,Cetaphil
2937,Garnier
3001,La Roche Posay
2979,La Roche Posay
77087,Nivea
72387,Mamaearth
62840,La Roche Posay
3129,The Ordinary
3159,Cetaphil
3221,The Ordinary
3211,Neutrogena
3276,Garnier
3273,POND'S
90909,Nivea
79339,La Roche Posay
3447,POND'S
3487,POND'S
22255,Neutrogena
3495,POND'S
3510,POND'S
3591,Himalaya
72425,La Roche Posay
22188,Mamaearth
3665,Cera Ve
3702,Neutrogena
3708,The Ordinary
3859,Garnier
3831,Garnier
4245,La Roche Posay
4342,Garnier
4361,Neutrogena
4486,Garnier
4554,Neutrogena
4544,Cetaphil
74830,Neutrogena
4588,Cera Ve
4621,Garnier
4616,The Ordinary
4706,Nivea
4768,Cetaphil
4813,Himalaya
4787,Himalaya
4818,Mamaearth
4779,Mamaearth
4808,Mamaearth
4778,Cetaphil
4869,Himalaya
4881,The Ordinary
4932,Cera Ve
5003,La Roche Posay
5099,La Roche Posay
5094,POND'S
5122,La Roche Posay
5198,Nivea
5266,Cera Ve
5363,Cera Ve
5351,Himalaya
5415,Cera Ve
5581,Nivea
5587,Mamaearth
5699,Neutrogena
5707,Nivea
5724,Nivea
5711,The Ordinary
5771,La Roche Posay
5858,Mamaearth
6187,Mamaearth
6299,Garnier
6319,Mamaearth
6456,The Ordinary
6481,Mamaearth
6500,The Ordinary
6584,Mamaearth
6691,Garnier
6687,Cera Ve
6636,La Roche Posay
6627,La Roche Posay
6755,POND'S
6754,Garnier
6785,Garnier
72451,The Ordinary
6847,Mamaearth
6880,POND'S
6922,The Ordinary
6920,Himalaya
7101,Nivea
7234,The Ordinary
7224,POND'S
7325,Cetaphil
7334,POND'S
7444,Mamaearth
7471,Neutrogena
7516,Mamaearth
7526,POND'S
7546,Cetaphil
87312,POND'S
74841,Garnier
7806,Garnier
74846,Neutrogena
7944,Cetaphil
8161,Neutrogena
8219,Neutrogena
8344,Nivea
8350,Nivea
8466,Neutrogena
8488,Garnier
8595,Mamaearth
90893,Garnier
90916,Nivea
8715,POND'S
8716,Nivea
8711,Nivea
8833,La Roche Posay
27959,Nivea
9039,La Roche Posay
9088,Neutrogena
9152,Cetaphil
9268,La Roche Posay
15045,Nivea
17065,La Roche Posay
9323,Himalaya
6438,POND'S
6446,The Ordinary
9417,Himalaya
9557,The Ordinary
9569,Cetaphil
9585,Nivea
9605,Cera Ve
80986,Himalaya
9730,Cera Ve
9785,POND'S
74913,Himalaya
40543,Nivea
10048,POND'S
10072,La Roche Posay
79439,The Ordinary
10126,Mamaearth
10284,Mamaearth
10381,La Roche Posay
10486,Nivea
10551,Himalaya
10574,Neutrogena
10567,Garnier
80990,Garnier
74929,Cetaphil
80995,Cera Ve
85353,La Roche Posay
25790,La Roche Posay
10726,Mamaearth
10777,The Ordinary
10901,POND'S
10895,Cetaphil
10963,POND'S
10941,Cera Ve
72511,POND'S
83180,La Roche Posay
11069,The Ordinary
25826,Garnier
11215,Cera Ve
11216,Himalaya
72515,Neutrogena
11249,The Ordinary
85360,Garnier
89088,La Roche Posay
868,The Ordinary
11341,The Ordinary
11346,La Roche Posay
11382,The Ordinary
11398,La Roche Posay
11542,The Ordinary
11583,Neutrogena
11585,Garnier
11599,POND'S
11697,Neutrogena
11723,Cera Ve
11738,Garnier
11744,Cera Ve
11745,POND'S
11781,La Roche Posay
28025,Cera Ve
11855,Himalaya
11960,Nivea
11964,Cetaphil
11972,Mamaearth
11994,La Roche Posay
12099,Nivea
12125,Garnier
22042,Cetaphil
12161,Cera Ve
12172,Himalaya
28030,Cetaphil
22044,POND'S
12433,Himalaya
12455,Nivea
12486,Nivea
12526,Garnier
12564,Garnier
22273,The Ordinary
12621,Himalaya
12715,La Roche Posay
12781,Garnier
28032,Cera Ve
12813,Garnier
12826,Himalaya
12865,Nivea
28039,Nivea
13046,POND'S
13106,POND'S
13121,Neutrogena
22051,Mamaearth
27224,Neutrogena
13138,La Roche Posay
13174,Mamaearth
13375,Mamaearth
13376,Nivea
13403,Cera Ve
13430,Neutrogena
13453,Nivea
13547,La Roche Posay
13554,Cera Ve
13585,POND'S
13616,Garnier
77250,Nivea
13682,Nivea
13750,Himalaya
13787,The Ordinary
74957,La Roche Posay
13961,Mamaearth
13816,Cetaphil
992,Mamaearth
13863,Mamaearth
13870,Mamaearth
13900,Cera Ve
13913,Nivea
13973,Nivea
77267,La Roche Posay
83211,Neutrogena
74968,Cera Ve
19251,La Roche Posay
79489,Garnier
83213,Mamaearth
46930,Mamaearth
85395,Himalaya
14244,Nivea
14260,La Roche Posay
14295,Cetaphil
14374,POND'S
74978,Nivea
77287,The Ordinary
77286,Cetaphil
83224,Nivea
14508,La Roche Posay
64879,La Roche Posay
83223,Nivea
12581,La Roche Posay
14592,Cetaphil
14594,Neutrogena
14450,POND'S
14645,La Roche Posay
14655,Cera Ve
81018,Cera Ve
87385,Garnier
14668,Neutrogena
6516,La Roche Posay
14731,Garnier
72604,La Roche Posay
14789,POND'S
14800,Cera Ve
8863,Himalaya
72605,Cera Ve
14838,Nivea
6525,Cera Ve
14880,Mamaearth
14890,Mamaearth
14895,Cera Ve
28051,Neutrogena
14932,Mamaearth
28059,Cera Ve
15035,Himalaya
68726,Garnier
15160,Mamaearth
79526,La Roche Posay
72621,Nivea
15221,Cetaphil
40479,The Ordinary
75025,Garnier
15217,Cera Ve
15220,Neutrogena
15861,Cetaphil
15230,Neutrogena
63716,La Roche Posay
77302,Cera Ve
77300,POND'S
64241,Mamaearth
72634,Mamaearth
25913,La Roche Posay
15326,Himalaya
15336,Mamaearth
15330,Nivea
15369,The Ordinary
15420,Neutrogena
25914,Cetaphil
15659,Neutrogena
15721,Neutrogena
15722,La Roche Posay
25924,Nivea
15894,Cera Ve
60341,Himalaya
16006,Himalaya
16044,POND'S
16130,Garnier
16143,La Roche Posay
16190,Cetaphil
16208,Mamaearth
27279,Nivea
16303,Garnier
72654,La Roche Posay
16377,Mamaearth
16396,Garnier
16429,Nivea
16470,Nivea
16558,Cetaphil
16604,Himalaya
16640,Neutrogena
77309,The Ordinary
16718,The Ordinary
75060,Neutrogena
10829,Cetaphil
87421,The Ordinary
3942,POND'S
16761,Garnier
77313,The Ordinary
81043,The Ordinary
16832,Nivea
16852,Mamaearth
16858,Garnier
6583,Garnier
87444,Himalaya
87401,Cera Ve
85473,Himalaya
17184,La Roche Posay
17229,Cetaphil
17206,Himalaya
17290,Garnier
77327,POND'S
81059,La Roche Posay
72701,La Roche Posay
17497,Nivea
17600,The Ordinary
2484,Cetaphil
75104,Himalaya
17693,Nivea
17927,Mamaearth
4006,Neutrogena
17940,Cera Ve
17963,Mamaearth
77334,The Ordinary
79612,POND'S
17980,Garnier
17981,Garnier
17984,Mamaearth
10867,POND'S
18057,POND'S
18028,Himalaya
81086,Himalaya
22282,The Ordinary
18256,Mamaearth
18255,Nivea
18340,POND'S
18327,Cera Ve
18349,Cera Ve
18407,POND'S
18411,Mamaearth
18480,Neutrogena
18483,The Ordinary
18549,The Ordinary
18574,The Ordinary
18691,Garnier
18719,Cera Ve
18750,Garnier
18762,La Roche Posay
18775,Mamaearth
29556,POND'S
18885,La Roche Posay
10900,Neutrogena
75150,Himalaya
18978,The Ordinary
72755,Nivea
19002,Cetaphil
19035,Cetaphil
75163,Neutrogena
81108,The Ordinary
19101,Neutrogena
19121,Mamaearth
19181,La Roche Posay
19144,Garnier
19161,POND'S
19250,Mamaearth
19252,Cera Ve
19335,La Roche Posay
19336,POND'S
19349,Cetaphil
1623,Nivea
83356,POND'S
72767,Himalaya
72768,Neutrogena
72769,Himalaya
19691,Cetaphil
19705,POND'S
85529,Cera Ve
4060,La Roche Posay
19776,Cera Ve
19784,Nivea
83364,La Roche Posay
19898,Himalaya
19963,Mamaearth
6654,Garnier
81121,Himalaya
79674,Neutrogena
15875,Nivea
20036,POND'S
20075,Neutrogena
20091,La Roche Posay
20199,La Roche Posay
20201,POND'S
20328,Neutrogena
20406,POND'S
77393,Himalaya
20557,POND'S
20632,Nivea
20644,POND'S
20798,POND'S
20851,Cera Ve
77401,Cetaphil
9036,Garnier
8989,La Roche Posay
14048,Cera Ve
79691,La Roche Posay
87533,Nivea
81144,Garnier
75210,Nivea
20950,Cetaphil
20965,Garnier
20979,Himalaya
21004,Cera Ve
21028,Cera Ve
21066,Cetaphil
21067,POND'S
12670,Mamaearth
21152,Neutrogena
21178,The Ordinary
75221,Garnier
21267,Neutrogena
26114,Mamaearth
21335,La Roche Posay
21342,Garnier
21440,Himalaya
77435,Garnier
17390,Neutrogena
64928,La Roche Posay
21726,Mamaearth
77438,Nivea
21847,The Ordinary
21871,La Roche Posay
75247,Garnier
85586,La Roche Posay
21869,Cera Ve
72862,Garnier
4135,Neutrogena
6766,Neutrogena
6773,Cetaphil
72872,Garnier
85598,Neutrogena
64682,Mamaearth
22353,POND'S
22398,Nivea
77478,Cetaphil
22461,Himalaya
81210,Himalaya
26158,Neutrogena
81213,Neutrogena
22512,La Roche Posay
22622,POND'S
22700,La Roche Posay
22789,Cetaphil
31822,Mamaearth
22944,The Ordinary
22981,Cetaphil
22987,La Roche Posay
23116,Cetaphil
23132,Cetaphil
23137,Nivea
23160,Cera Ve
23170,Himalaya
23209,Nivea
23214,Garnier
23244,Himalaya
23306,Nivea
23360,Cera Ve
23431,The Ordinary
23452,Cetaphil
27336,The Ordinary
23653,Himalaya
23681,Nivea
23693,Nivea
23793,Neutrogena
23819,POND'S
23880,Cetaphil
23890,Mamaearth
23918,Nivea
23919,Garnier
23949,Nivea
24042,Neutrogena
24067,Cera Ve
60353,Cetaphil
24126,La Roche Posay
24204,The Ordinary
24259,Nivea
24332,Garnier
24372,Garnier
24437,Neutrogena
24460,Garnier
24469,Himalaya
24488,POND'S
24506,La Roche Posay
24565,Mamaearth
24599,Himalaya
24664,POND'S
24697,Cera Ve
26203,La Roche Posay
24724,Himalaya
24753,Himalaya
24795,Cetaphil
24826,Garnier
24804,Garnier
24854,The Ordinary
24936,POND'S
26219,Cera Ve
24989,La Roche Posay
24993,Cetaphil
25015,La Roche Posay
25001,La Roche Posay
25224,Cetaphil
72906,Garnier
25251,POND'S
25272,The Ordinary
25307,Nivea
25324,La Roche Posay
25338,Nivea
25359,The Ordinary
25353,Cetaphil
25354,The Ordinary
25392,Cera Ve
25433,Himalaya
25510,Neutrogena
25542,La Roche Posay
25556,The Ordinary
25747,Neutrogena
25750,Himalaya
25769,Neutrogena
25786,POND'S
25754,Neutrogena
25812,Garnier
25839,La Roche Posay
25967,La Roche Posay
26082,Himalaya
26125,Neutrogena
26234,Cetaphil
26261,Garnier
26258,Cera Ve
26308,La Roche Posay
26465,POND'S
26435,Cera Ve
26425,Cera Ve
85622,The Ordinary
26620,Himalaya
25816,POND'S
81235,Garnier
26640,Cetaphil
26641,Cera Ve
26688,POND'S
26783,Nivea
26821,Cetaphil
26971,POND'S
27000,La Roche Posay
27054,Nivea
27173,The Ordinary
27225,Himalaya
27352,Mamaearth
27390,The Ordinary
27459,Garnier
27462,Cera Ve
27467,POND'S
27492,Cera Ve
27484,The Ordinary
27522,Mamaearth
27521,POND'S
27625,Mamaearth
27644,La Roche Posay
27674,Garnier
27670,The Ordinary
27717,Mamaearth
27951,Cera Ve
27905,Nivea
27966,Himalaya
28135,Cera Ve
28241,Mamaearth
28419,The Ordinary
28445,La Roche Posay
28491,Himalaya
28488,Neutrogena
28478,The Ordinary
28563,POND'S
28513,Cera Ve
28527,Cera Ve
28511,Mamaearth
57092,Garnier
57098,Garnier
28698,Himalaya
28665,POND'S
28960,Garnier
29002,La Roche Posay
29044,Cetaphil
29084,Mamaearth
29201,POND'S
29359,Cetaphil
29428,Cera Ve
29435,Garnier
26487,Cetaphil
29687,POND'S
29793,Cetaphil
85633,Nivea
88531,Cera Ve
29907,Cetaphil
29908,Cera Ve
29938,Himalaya
29970,The Ordinary
29981,Garnier
30013,Cera Ve
30177,Mamaearth
30261,Nivea
30340,Garnier
30428,Cetaphil
30435,The Ordinary
30452,Nivea
30575,POND'S
30655,La Roche Posay
30686,Mamaearth
30745,Cetaphil
30756,Garnier
30785,POND'S
30802,Cera Ve
30799,The Ordinary
30982,Cera Ve
31085,Cera Ve
31248,The Ordinary
31285,Nivea
31330,Mamaearth
31416,La Roche Posay
31526,Nivea
31542,POND'S
31579,Mamaearth
31607,La Roche Posay
82424,Himalaya
31721,Mamaearth
31723,Nivea
31751,Neutrogena
31821,Neutrogena
31824,Neutrogena
31985,Cetaphil
32067,Cera Ve
32068,The Ordinary
32163,The Ordinary
32241,Himalaya
32269,Neutrogena
32292,Garnier
32405,Cera Ve
32437,Neutrogena
32455,The Ordinary
32533,POND'S
32540,Garnier
32559,Garnier
32571,Cetaphil
32592,Cera Ve
32594,Neutrogena
32605,Garnier
32656,POND'S
32714,Garnier
32716,Cera Ve
32808,Himalaya
32839,Nivea
32889,Garnier
32993,La Roche Posay
33005,Cetaphil
33049,Garnier
33215,La Roche Posay
33296,Neutrogena
33310,La Roche Posay
33391,Cera Ve
33464,Nivea
33483,Mamaearth
83480,Nivea
33503,The Ordinary
33507,POND'S
33497,Himalaya
33527,The Ordinary
33629,Himalaya
33636,The Ordinary
33650,POND'S
81268,Cera Ve
33758,Mamaearth
33826,POND'S
27961,The Ordinary
33970,The Ordinary
33973,La Roche Posay
33996,POND'S
34080,La Roche Posay
34122,Mamaearth
34229,Himalaya
34273,Neutrogena
34342,POND'S
34409,La Roche Posay
34420,Cera Ve
57279,POND'S
34538,Garnier
34604,Mamaearth
34754,Cera Ve
87605,Mamaearth
72974,Mamaearth
72975,POND'S
72976,Garnier
4225,La Roche Posay
4233,Garnier
35036,Mamaearth
35099,Neutrogena
35148,Neutrogena
35191,POND'S
35256,Cera Ve
35435,Cetaphil
35461,Cetaphil
35484,Cetaphil
35486,La Roche Posay
35570,Nivea
35621,Nivea
35697,Neutrogena
35792,Garnier
4241,POND'S
85657,POND'S
35907,Garnier
35984,Cera Ve
36032,POND'S
36019,Nivea
75376,Cetaphil
36237,Cetaphil
36244,POND'S
36274,Garnier
36347,Himalaya
36444,POND'S
36455,Mamaearth
75380,Mamaearth
36627,Mamaearth
36636,Mamaearth
36675,Garnier
36715,Cera Ve
36827,Cetaphil
36803,The Ordinary
4260,Cetaphil
4263,Cetaphil
36628,Garnier
36958,Mamaearth
37039,La Roche Posay
37053,Mamaearth
37037,Garnier
37117,La Roche Posay
37118,Cera Ve
37151,Himalaya
37271,Cera Ve
37239,La Roche Posay
37306,The Ordinary
37327,Himalaya
37364,Mamaearth
37540,The Ordinary
37571,Garnier
37594,Nivea
37637,La Roche Posay
37653,Himalaya
37678,The Ordinary
37698,Nivea
37711,Cera Ve
37760,Mamaearth
37784,Himalaya
37819,La Roche Posay
37830,Himalaya
37837,Garnier
37848,Cetaphil
37861,The Ordinary
75398,Cetaphil
81295,POND'S
4274,Garnier
38172,The Ordinary
38202,Cetaphil
38374,La Roche Posay
38552,Cera Ve
38674,Himalaya
38654,Garnier
38669,POND'S
38686,Cera Ve
38721,La Roche Posay
38726,Nivea
38732,POND'S
38824,Cetaphil
38882,Cera Ve
38892,Mamaearth
38942,Cetaphil
39002,Cera Ve
39125,Himalaya
39143,POND'S
39160,The Ordinary
39182,Cetaphil
39202,La Roche Posay
39191,Neutrogena
39265,La Roche Posay
39267,Cera Ve
39266,Garnier
39329,POND'S
39360,The Ordinary
39399,Cetaphil
39436,POND'S
39494,La Roche Posay
39559,Neutrogena
39599,The Ordinary
39698,Garnier
39773,La Roche Posay
39799,Himalaya
39977,Cetaphil
40094,Cetaphil
40088,La Roche Posay
40072,Cera Ve
40073,Mamaearth
40079,Neutrogena
40086,Himalaya
82928,POND'S
40164,The Ordinary
40246,The Ordinary
40320,Himalaya
73691,Cera Ve
40445,Cetaphil
40442,La Roche Posay
40596,The Ordinary
40664,Cera Ve
12711,The Ordinary
40703,The Ordinary
68283,Garnier
40955,Himalaya
41027,Neutrogena
41029,The Ordinary
41092,Garnier
41174,Mamaearth
41202,Mamaearth
41291,Himalaya
41329,Neutrogena
41347,Nivea
41379,Cetaphil
41456,Cera Ve
41534,POND'S
41590,Himalaya
41608,Garnier
41656,Garnier
41618,POND'S
41718,Nivea
41719,Nivea
85694,La Roche Posay
81338,Cetaphil
79932,Cera Ve
79931,Cera Ve
41827,POND'S
41864,POND'S
41902,The Ordinary
41882,Mamaearth
81351,Nivea
65648,Neutrogena
42077,La Roche Posay
42092,Nivea
42133,The Ordinary
42141,The Ordinary
77676,Nivea
42175,Cera Ve
75469,Neutrogena
75470,POND'S
42338,La Roche Posay
42391,Neutrogena
75473,Mamaearth
75474,Nivea
75475,Garnier
42397,La Roche Posay
42413,Nivea
73119,POND'S
42428,Nivea
42430,Neutrogena
4309,Himalaya
42465,Garnier
42475,The Ordinary
73123,Garnier
42571,POND'S
42728,La Roche Posay
42761,Garnier
42768,POND'S
42831,Neutrogena
42832,Cera Ve
42873,Garnier
42903,Cera Ve
43029,The Ordinary
43001,Cera Ve
75486,Neutrogena
43033,Cetaphil
43056,Nivea
43062,Neutrogena
43071,Mamaearth
43143,POND'S
57725,Mamaearth
43212,The Ordinary
43214,Garnier
75491,Cetaphil
85723,Nivea
43333,Cera Ve
85725,Neutrogena
43410,Garnier
73151,Neutrogena
43592,Nivea
43507,Mamaearth
43508,POND'S
75506,Cetaphil
4347,Cera Ve
43561,Mamaearth
43655,Himalaya
73703,Himalaya
43856,Mamaearth
80000,Himalaya
43923,Nivea
43967,Nivea
77748,Mamaearth
44073,Neutrogena
44060,La Roche Posay
44127,POND'S
44173,POND'S
44221,The Ordinary
44228,Garnier
44295,Mamaearth
44311,Garnier
44395,Neutrogena
44400,Cetaphil
44454,POND'S
44489,Cera Ve
44491,La Roche Posay
77754,Cera Ve
80014,La Roche Posay
44554,Cetaphil
44594,Mamaearth
44602,La Roche Posay
44668,POND'S
44719,Nivea
44756,Nivea
83616,Neutrogena
44819,Garnier
44878,Cetaphil
44886,La Roche Posay
77761,Mamaearth
77760,Himalaya
77759,Himalaya
44939,Mamaearth
44948,La Roche Posay
6893,Mamaearth
73202,Himalaya
45020,Cetaphil
45129,Cetaphil
73209,Himalaya
45206,POND'S
77770,Nivea
77768,Neutrogena
81426,Neutrogena
73214,Mamaearth
45335,Garnier
45393,Nivea
4371,The Ordinary
45412,Cetaphil
14088,POND'S
77783,The Ordinary
77784,The Ordinary
81442,POND'S
73230,La Roche Posay
45488,Nivea
75574,Mamaearth
81444,Neutrogena
45562,POND'S
83644,Cetaphil
45686,La Roche Posay
45717,POND'S
83642,Cera Ve
45735,The Ordinary
45772,Cetaphil
45776,Cetaphil
75588,Neutrogena
45851,Garnier
83648,La Roche Posay
45997,POND'S
46031,Mamaearth
46169,Cera Ve
46214,The Ordinary
46227,Garnier
46250,La Roche Posay
46327,Cera Ve
46340,Garnier
46371,POND'S
46424,La Roche Posay
46441,The Ordinary
46486,Cera Ve
46492,Mamaearth
46567,Garnier
46577,Himalaya
46604,Himalaya
75601,Himalaya
46621,Cera Ve
46610,La Roche Posay
46641,Garnier
46642,The Ordinary
73255,Mamaearth
46689,Cera Ve
46695,Garnier
46697,Cetaphil
46698,Garnier
46772,La Roche Posay
46814,Cetaphil
46851,Nivea
46915,Cetaphil
46962,Nivea
46986,Garnier
47000,POND'S
47038,Nivea
47067,Mamaearth
47069,The Ordinary
47078,Himalaya
47145,Cera Ve
75610,La Roche Posay
85780,Himalaya
47242,Himalaya
47279,Cera Ve
47382,La Roche Posay
47436,Nivea
47452,Cetaphil
47480,Neutrogena
47483,Nivea
47548,Mamaearth
77820,La Roche Posay
80087,POND'S
47638,Garnier
47708,Cera Ve
47802,Mamaearth
47803,The Ordinary
47804,Mamaearth
47809,Garnier
47849,POND'S
47850,Mamaearth
47851,POND'S
47911,Cera Ve
47987,Garnier
48016,Garnier
48049,Garnier
48065,Neutrogena
48092,POND'S
48107,POND'S
48109,Cera Ve
48123,Mamaearth
48125,Nivea
48126,POND'S
74441,Nivea
48269,Cera Ve
48336,Cetaphil
48382,Mamaearth
48453,Himalaya
48490,Garnier
48546,Nivea
48632,Nivea
48662,Nivea
48656,Garnier
48679,Mamaearth
48708,Nivea
68837,La Roche Posay
48803,Mamaearth
48806,Cera Ve
48835,Garnier
48871,Neutrogena
48938,Cetaphil
48976,Nivea
49008,La Roche Posay
49075,Mamaearth
49114,Mamaearth
49133,La Roche Posay
49202,POND'S
6928,POND'S
49323,The Ordinary
73297,POND'S
49413,Himalaya
49451,Cera Ve
49476,Neutrogena
49492,Mamaearth
49570,Mamaearth
49639,POND'S
81477,Nivea
49717,La Roche Posay
80104,La Roche Posay
80102,Cetaphil
75644,Himalaya
49777,Mamaearth
49778,The Ordinary
49805,La Roche Posay
49806,The Ordinary
49841,Himalaya
50042,La Roche Posay
50027,La Roche Posay
50129,La Roche Posay
50175,Garnier
50164,Garnier
50179,Mamaearth
50301,Cetaphil
50387,Nivea
50408,Nivea
50435,Garnier
50434,The Ordinary
50516,Cera Ve
50533,La Roche Posay
50545,Neutrogena
50659,Mamaearth
50630,Neutrogena
50714,POND'S
50749,Cetaphil
4407,Cera Ve
50796,Cetaphil
50806,Mamaearth
77839,Mamaearth
6932,Cetaphil
4419,Cetaphil
50852,Nivea
50876,Cetaphil
90503,La Roche Posay
50976,La Roche Posay
51009,La Roche Posay
51035,Cera Ve
51111,Cetaphil
51098,POND'S
51138,Garnier
51149,Garnier
51187,The Ordinary
51256,Cera Ve
51356,Mamaearth
51375,Himalaya
51338,Mamaearth
69032,Garnier
51412,POND'S
51404,Garnier
51516,The Ordinary
51579,Nivea
51580,POND'S
51606,Neutrogena
51666,Neutrogena
69098,Neutrogena
51793,The Ordinary
64982,POND'S
77855,Neutrogena
51928,Nivea
52030,Garnier
52042,The Ordinary
52060,La Roche Posay
52070,Garnier
47716,Neutrogena
52223,Cera Ve
52188,Mamaearth
52253,La Roche Posay
52249,Cetaphil
52323,Garnier
52324,Himalaya
52397,Cera Ve
52431,Cera Ve
52453,Cera Ve
52450,Neutrogena
52470,Mamaearth
52472,Himalaya
52565,Neutrogena
52628,Mamaearth
4447,Himalaya
52643,Nivea
43383,Garnier
75679,Nivea
4490,Neutrogena
81511,Mamaearth
83701,Cera Ve
9145,Cera Ve
52781,Mamaearth
73383,Cetaphil
52853,La Roche Posay
87756,La Roche Posay
4472,Nivea
57998,La Roche Posay
83720,Cera Ve
53429,Neutrogena
46259,Cera Ve
53470,Cetaphil
73424,The Ordinary
53618,Cera Ve
87780,Cera Ve
53717,Nivea
53801,Garnier
58085,La Roche Posay
7018,Himalaya
77950,Cera Ve
77965,Cera Ve
87806,Garnier
54131,Mamaearth
4530,Himalaya
14123,Garnier
60532,POND'S
75702,Nivea
81606,Mamaearth
9201,Cetaphil
73475,Neutrogena
11102,Garnier
73724,Neutrogena
80244,Mamaearth
85893,La Roche Posay
11110,POND'S
87824,POND'S
7072,Neutrogena
11114,Garnier
83796,POND'S
17734,Nivea
4573,Nivea
81636,Cera Ve
12806,Nivea
14133,Cera Ve
54557,Himalaya
75741,POND'S
54602,Cera Ve
80273,Mamaearth
54665,Neutrogena
78025,Neutrogena
80277,POND'S
27391,Nivea
87857,Neutrogena
80287,La Roche Posay
54881,Nivea
16607,La Roche Posay
78043,Cera Ve
55031,Neutrogena
55061,The Ordinary
55040,Neutrogena
55045,Mamaearth
83849,Himalaya
7117,Mamaearth
75795,Garnier
55544,Garnier
81709,Cetaphil
85995,Neutrogena
55748,Nivea
85994,Nivea
75820,Mamaearth
55898,La Roche Posay
86003,Cetaphil
4699,Garnier
83897,Garnier
4700,La Roche Posay
75834,Garnier
4707,Cetaphil
9258,Cetaphil
56286,Cetaphil
4714,La Roche Posay
56377,Neutrogena
86030,Garnier
73624,Nivea
81758,Garnier
56540,POND'S
79166,Nivea
80390,POND'S
56630,Himalaya
88568,Garnier
56699,Cera Ve
73638,Himalaya
73639,POND'S
56762,La Roche Posay
80402,Garnier
78153,Mamaearth
78152,Neutrogena
75878,La Roche Posay
75879,Cera Ve
56933,Mamaearth
4774,Garnier
56981,Neutrogena
4771,Cera Ve
81783,Neutrogena
89344,The Ordinary
87957,La Roche Posay
81787,Nivea
80425,Mamaearth
87960,Cetaphil
57080,The Ordinary
83963,La Roche Posay
4804,The Ordinary
57284,Garnier
57317,The Ordinary
57323,The Ordinary
78190,Cetaphil
78191,Himalaya
81814,Nivea
81813,Cera Ve
73692,Cetaphil
4831,Garnier
57614,Cera Ve
83991,Cetaphil
57695,The Ordinary
34,POND'S
58010,Himalaya
86129,Mamaearth
9338,Himalaya
58154,Himalaya
84030,POND'S
86141,Cetaphil
14160,Cera Ve
58253,La Roche Posay
81883,POND'S
11248,Garnier
9374,La Roche Posay
80500,POND'S
86169,Nivea
86170,La Roche Posay
80503,Cetaphil
86168,Cera Ve
84064,Cera Ve
58490,Cetaphil
78291,The Ordinary
85632,Himalaya
9409,Himalaya
9416,Nivea
88054,Garnier
88052,Garnier
73790,Cera Ve
14189,Cetaphil
4979,Cera Ve
88066,Nivea
88064,Nivea
59104,La Roche Posay
88079,Garnier
7350,POND'S
46010,Himalaya
5013,La Roche Posay
46011,Mamaearth
7354,La Roche Posay
46012,Himalaya
17396,Garnier
84142,Cetaphil
81982,La Roche Posay
59330,Nivea
5060,La Roche Posay
14228,Neutrogena
86253,Mamaearth
81998,POND'S
14236,Himalaya
46019,Neutrogena
76109,The Ordinary
9495,La Roche Posay
5092,Cetaphil
7442,Himalaya
80586,Mamaearth
80587,Neutrogena
46850,POND'S
76131,Nivea
76132,Cetaphil
76130,Cera Ve
41523,The Ordinary
46852,The Ordinary
82042,The Ordinary
64,Cera Ve
80604,Himalaya
5155,Neutrogena
40413,Garnier
86317,Garnier
76173,POND'S
65234,Cera Ve
80616,Mamaearth
26426,Nivea
89663,Neutrogena
13066,Mamaearth
79541,Garnier
86338,POND'S
86336,Nivea
82090,Garnier
5199,Garnier
7585,Neutrogena
88206,Garnier
73873,Mamaearth
14321,La Roche Posay
13089,The Ordinary
65333,Cera Ve
28195,Mamaearth
63472,POND'S
73739,Garnier
86374,POND'S
5249,Nivea
80651,Garnier
80652,Mamaearth
80658,Mamaearth
80657,Nivea
11534,The Ordinary
11535,Neutrogena
88824,Garnier
5283,Garnier
84302,Nivea
80661,POND'S
88261,Neutrogena
62939,Neutrogena
15319,Mamaearth
84328,Cetaphil
9667,POND'S
15327,Neutrogena
26467,The Ordinary
73937,Cetaphil
11584,The Ordinary
5341,Cetaphil
14356,Cera Ve
86426,La Roche Posay
78473,Mamaearth
73951,The Ordinary
73949,Mamaearth
44783,Cera Ve
82184,POND'S
88317,Cetaphil
78498,Cetaphil
5386,Nivea
78501,Nivea
78502,Cetaphil
78500,POND'S
11617,La Roche Posay
78503,Neutrogena
26505,Nivea
5407,Nivea
84382,Cetaphil
16054,Mamaearth
80744,Garnier
80745,The Ordinary
88718,Neutrogena
30159,Mamaearth
76976,La Roche Posay
6118,Mamaearth
80758,Cera Ve
14409,Garnier
79852,Neutrogena
40525,Cetaphil
21941,Cera Ve
40523,Cetaphil
17121,Mamaearth
30530,Cetaphil
26490,Cetaphil
40518,Garnier
5459,POND'S
83198,Neutrogena
11680,POND'S
61667,Mamaearth
61691,POND'S
62759,Mamaearth
61802,Garnier
5502,Himalaya
82279,The Ordinary
17874,The Ordinary
61865,Himalaya
82284,The Ordinary
82285,Himalaya
84454,POND'S
84455,Cera Ve
84456,Himalaya
84457,Cetaphil
9802,Himalaya
17148,Garnier
78593,La Roche Posay
11726,The Ordinary
11736,Mamaearth
14482,Garnier
82318,Mamaearth
76961,The Ordinary
62252,The Ordinary
28224,POND'S
39813,Cera Ve
62435,Mamaearth
22272,Cera Ve
82337,The Ordinary
993,Mamaearth
84516,The Ordinary
7903,Neutrogena
15441,Nivea
74086,The Ordinary
7922,Cera Ve
86615,Cera Ve
15480,Neutrogena
26542,Nivea
17182,Nivea
86627,Garnier
1265,Cetaphil
86632,POND'S
14544,Neutrogena
5643,Neutrogena
5645,Cera Ve
82393,Cera Ve
16189,Cetaphil
5665,Neutrogena
7975,The Ordinary
84584,Cera Ve
65771,Neutrogena
78726,Mamaearth
84590,The Ordinary
78725,Mamaearth
65941,Cetaphil
65987,La Roche Posay
76549,Cetaphil
14593,La Roche Posay
84616,POND'S
86689,Nivea
16211,Cera Ve
66107,Nivea
5723,Neutrogena
5727,Garnier
86697,La Roche Posay
14607,POND'S
74188,La Roche Posay
78776,Neutrogena
1663,Mamaearth
78788,Mamaearth
82478,Neutrogena
66668,POND'S
16220,Garnier
66716,Himalaya
79437,Mamaearth
76604,La Roche Posay
66957,Himalaya
26612,Himalaya
26616,POND'S
5832,POND'S
82528,The Ordinary
74255,Cera Ve
86770,Mamaearth
82529,Cetaphil
74260,The Ordinary
76651,Neutrogena
8117,La Roche Posay
12052,The Ordinary
5854,Cera Ve
15563,Nivea
67583,Himalaya
10105,Neutrogena
2197,Nivea
74292,Himalaya
31062,The Ordinary
67796,Garnier
2226,La Roche Posay
76693,Neutrogena
26657,Cetaphil
82580,Nivea
12093,Neutrogena
86829,POND'S
10150,Garnier
2294,Mamaearth
76697,Cetaphil
27584,The Ordinary
28889,Neutrogena
74330,Mamaearth
17773,Mamaearth
82607,Nivea
17244,Cetaphil
10187,Neutrogena
12124,Garnier
2405,Garnier
16295,POND'S
5948,Himalaya
84810,Cetaphil
12174,Nivea
82638,Cera Ve
16895,Himalaya
17530,Mamaearth
28296,The Ordinary
68646,POND'S
10226,Garnier
74377,Nivea
78954,La Roche Posay
5959,Cera Ve
74380,Nivea
12163,Nivea
5967,Garnier
8268,Mamaearth
27622,The Ordinary
15650,Neutrogena
68688,Garnier
68689,Nivea
46379,Cetaphil
26741,Himalaya
29172,The Ordinary
29173,Cera Ve
74412,Neutrogena
2607,Himalaya
68709,Cetaphil
46737,Nivea
6012,The Ordinary
68725,La Roche Posay
88910,Mamaearth
27624,Himalaya
76735,Himalaya
76733,POND'S
15691,Neutrogena
74439,Nivea
68822,Garnier
8336,POND'S
74448,Cetaphil
6030,Mamaearth
68915,Himalaya
14825,Nivea
76753,Cetaphil
22242,The Ordinary
26321,The Ordinary
78980,La Roche Posay
69059,Mamaearth
88758,The Ordinary
74463,Nivea
74464,Mamaearth
76766,The Ordinary
84920,Nivea
69391,Mamaearth
6067,Himalaya
2785,Garnier
46800,POND'S
69670,Cetaphil
82771,Himalaya
12300,La Roche Posay
88489,Himalaya
16985,Cetaphil
82782,Cetaphil
6095,Cera Ve
88734,Himalaya
84975,Neutrogena
84978,Nivea
28303,Cetaphil
22202,Mamaearth
84998,La Roche Posay
70304,Cera Ve
15763,Cera Ve
82839,La Roche Posay
70520,The Ordinary
46172,POND'S
46388,Cetaphil
79073,Nivea
70895,Nivea
10542,Mamaearth
79083,Nivea
29198,The Ordinary
12420,Himalaya
79102,Garnier
87130,Mamaearth
3092,POND'S
71450,Himalaya
85087,Neutrogena
76912,Nivea
76915,POND'S
85091,Cera Ve
85103,Neutrogena
72554,Garnier
71840,Cera Ve
1807,Cera Ve
13909,Garnier
85123,POND'S
13917,Mamaearth
71978,Neutrogena
26862,Cera Ve
12487,Himalaya
76951,Cera Ve
8698,Neutrogena
82958,Himalaya
24,Cera Ve
40,POND'S
65562,Neutrogena
96,La Roche Posay
65549,La Roche Posay
65550,Cera Ve
65551,Cetaphil
65563,Cera Ve
65568,Mamaearth
65578,The Ordinary
65595,Nivea
65614,Himalaya
178,Nivea
196,Nivea
65671,Neutrogena
65706,Nivea
214,POND'S
65751,Nivea
65797,Neutrogena
65804,Himalaya
460,Nivea
461,Garnier
508,Himalaya
517,Neutrogena
544,Mamaearth
66153,POND'S
66086,Cera Ve
658,Mamaearth
685,Mamaearth
66163,Mamaearth
736,Cetaphil
775,Nivea
808,Himalaya
66262,Himalaya
66265,Cera Ve
66318,Neutrogena
66323,POND'S
66324,Neutrogena
907,Cetaphil
944,The Ordinary
1006,Garnier
1040,Cetaphil
1063,Neutrogena
66784,Mamaearth
66785,Cera Ve
66786,Neutrogena
66787,Neutrogena
66843,Garnier
1385,Mamaearth
1423,POND'S
1483,The Ordinary
1519,Neutrogena
1522,La Roche Posay
1538,Mamaearth
1539,The Ordinary
1549,Cera Ve
1603,Garnier
1627,Neutrogena
1636,Garnier
67132,Mamaearth
67145,Cetaphil
1679,POND'S
1680,Cetaphil
1681,Garnier
1715,Cera Ve
67252,Himalaya
1727,Nivea
1737,Neutrogena
1801,Garnier
1827,Garnier
1837,POND'S
67327,Neutrogena
67443,Cera Ve
2018,Cera Ve
2038,Garnier
67556,Himalaya
67586,Mamaearth
431,The Ordinary
2068,The Ordinary
2069,Neutrogena
2215,Mamaearth
2252,Mamaearth
65561,Nivea
67737,Cetaphil
67765,POND'S
67797,POND'S
2365,Nivea
67868,Himalaya
2422,Cetaphil
2476,Cetaphil
2503,Cera Ve
2539,Himalaya
2573,The Ordinary
65669,The Ordinary
2789,Garnier
2922,Neutrogena
2948,Cetaphil
2964,The Ordinary
68430,Cera Ve
68442,Nivea
68461,Neutrogena
65743,Cetaphil
68552,Mamaearth
3109,POND'S
3119,Himalaya
3286,POND'S
3291,Himalaya
68747,Cetaphil
68773,Garnier
68788,Cetaphil
3386,Mamaearth
3405,La Roche Posay
3540,Himalaya
68979,Himalaya
69024,Cetaphil
3554,The Ordinary
3610,La Roche Posay
69100,Nivea
3652,Himalaya
3682,Himalaya
3709,Mamaearth
65867,Neutrogena
3771,Cetaphil
3796,Cera Ve
69317,La Roche Posay
69429,Cetaphil
69452,Himalaya
69481,Nivea
65920,Nivea
65934,Nivea
69529,Cetaphil
69555,La Roche Posay
65947,The Ordinary
69759,The Ordinary
69821,Mamaearth
69977,Nivea
69983,Nivea
69994,Nivea
66064,POND'S
70218,The Ordinary
70222,Cera Ve
70262,Mamaearth
70331,Himalaya
70377,The Ordinary
70412,Cetaphil
70432,The Ordinary
70518,POND'S
70551,POND'S
66162,POND'S
70733,Nivea
1065,Neutrogena
70755,Cera Ve
70848,POND'S
66207,Cetaphil
70940,Garnier
71013,Cetaphil
71059,Neutrogena
71079,Mamaearth
71091,Garnier
71095,Cetaphil
71238,La Roche Posay
71251,The Ordinary
71260,Mamaearth
1150,Cera Ve
71303,Garnier
67405,Garnier
71376,Cera Ve
71395,Garnier
71404,La Roche Posay
71421,Cera Ve
71477,Garnier
71510,Neutrogena
71530,Cetaphil
71594,La Roche Posay
71763,Garnier
71813,Cera Ve
71826,Nivea
28359,La Roche Posay
71894,Garnier
71918,Himalaya
72006,Cera Ve
72013,Cetaphil
72041,Nivea
72044,La Roche Posay
72161,The Ordinary
72162,La Roche Posay
66555,POND'S
66577,Garnier
72254,Cera Ve
72276,Mamaearth
40587,Cetaphil
40655,Cera Ve
66711,The Ordinary
40878,Himalaya
40903,Cera Ve
40959,Nivea
40966,Nivea
66730,Mamaearth
67207,Cetaphil
41171,Garnier
41172,POND'S
41173,La Roche Posay
41183,Garnier
41230,Neutrogena
1711,Garnier
41247,Neutrogena
41373,Garnier
41409,Nivea
41495,Himalaya
41509,Neutrogena
41526,La Roche Posay
41603,Nivea
41617,POND'S
66891,Nivea
41794,La Roche Posay
41819,Himalaya
66908,Garnier
67529,Mamaearth
41939,Neutrogena
41954,Mamaearth
66939,Himalaya
42088,POND'S
42114,Cetaphil
42115,La Roche Posay
42185,Himalaya
42152,Garnier
43110,Mamaearth
43186,Mamaearth
43286,La Roche Posay
43565,La Roche Posay
43570,Nivea
67241,Nivea
43607,Cera Ve
43632,Mamaearth
43639,Nivea
43654,POND'S
43712,Mamaearth
43731,Neutrogena
67537,POND'S
67288,The Ordinary
43830,Garnier
43861,Neutrogena
43868,The Ordinary
43924,Nivea
43952,Cera Ve
43977,Cera Ve
43986,The Ordinary
67380,Mamaearth
2332,Cera Ve
44533,Cetaphil
45039,Nivea
45040,Mamaearth
67449,Cera Ve
67501,Nivea
45153,Mamaearth
45229,Garnier
45255,Himalaya
45256,La Roche Posay
45315,Cera Ve
45321,Cetaphil
45358,The Ordinary
67616,La Roche Posay
45363,The Ordinary
45420,Cetaphil
68831,La Roche Posay
45471,La Roche Posay
45498,Nivea
45795,Cetaphil
45602,Neutrogena
67668,POND'S
45654,Neutrogena
45683,The Ordinary
45698,Mamaearth
45947,Nivea
65670,Nivea
67754,Garnier
67758,POND'S
67956,Garnier
67978,POND'S
68022,Neutrogena
68099,Himalaya
68136,Nivea
68137,POND'S
68194,Mamaearth
68259,Nivea
68261,Himalaya
68298,Cera Ve
50988,POND'S
68369,Garnier
68473,Himalaya
3721,Garnier
51966,Garnier
52307,Cetaphil
52462,Cera Ve
68823,Neutrogena
68824,La Roche Posay
68854,Cera Ve
68952,Nivea
52735,La Roche Posay
52740,Cera Ve
52768,Mamaearth
52801,POND'S
52809,Neutrogena
52839,La Roche Posay
52942,Nivea
52998,Cetaphil
53000,La Roche Posay
53269,Himalaya
53335,Himalaya
53566,Nivea
69221,POND'S
69224,The Ordinary
53601,Nivea
53616,Neutrogena
53724,Nivea
53746,Nivea
69284,Garnier
53810,Garnier
53862,POND'S
53868,Nivea
53985,The Ordinary
69323,La Roche Posay
69335,Nivea
54033,Cera Ve
54070,Garnier
54105,The Ordinary
54145,The Ordinary
54226,The Ordinary
69366,Neutrogena
54302,La Roche Posay
54352,Himalaya
54420,Himalaya
54433,Garnier
54438,POND'S
54469,Himalaya
54475,Himalaya
54529,La Roche Posay
54624,Cera Ve
54628,La Roche Posay
54651,Cetaphil
54796,POND'S
54810,Himalaya
54859,Cera Ve
54961,La Roche Posay
54993,Cetaphil
55033,POND'S
55094,Cera Ve
55117,Cetaphil
55143,POND'S
55267,Cera Ve
55288,Mamaearth
55380,Garnier
55427,Cera Ve
55507,Cetaphil
55626,Mamaearth
55627,Garnier
55684,POND'S
55918,Cera Ve
55962,Neutrogena
56074,Nivea
56164,POND'S
56190,Garnier
56202,Mamaearth
56332,POND'S
56357,Neutrogena
56401,La Roche Posay
56532,Mamaearth
56791,Nivea
56808,La Roche Posay
56865,Cera Ve
56869,La Roche Posay
56997,The Ordinary
57023,Nivea
57037,Neutrogena
57087,Neutrogena
57169,Neutrogena
57178,Mamaearth
57265,Cera Ve
57321,Nivea
57330,La Roche Posay
57496,Nivea
57594,Nivea
57648,Himalaya
57835,Cera Ve
57892,Nivea
57904,The Ordinary
57940,La Roche Posay
57988,POND'S
58011,Nivea
58157,La Roche Posay
58262,La Roche Posay
58277,Mamaearth
58286,Himalaya
58287,The Ordinary
58355,Neutrogena
58432,La Roche Posay
58472,Cera Ve
58494,POND'S
58528,The Ordinary
58579,Himalaya
58616,Cetaphil
58719,Garnier
58720,Nivea
58763,Cetaphil
58769,Mamaearth
58792,Mamaearth
58814,Cetaphil
58820,Himalaya
58916,The Ordinary
58942,Garnier
58969,La Roche Posay
59036,La Roche Posay
59077,La Roche Posay
59152,La Roche Posay
59254,The Ordinary
59256,Garnier
59267,Garnier
59270,Himalaya
59284,Garnier
59507,Cera Ve
59508,La Roche Posay
59593,Mamaearth
59632,Neutrogena
59736,POND'S
59836,Mamaearth
59849,POND'S
59852,Himalaya
59929,Neutrogena
59970,Neutrogena
60035,Mamaearth
60049,Himalaya
60090,Nivea
60098,POND'S
60147,Himalaya
60222,The Ordinary
60369,Nivea
60373,Mamaearth
60383,Neutrogena
60448,The Ordinary
60456,Neutrogena
60490,POND'S
60573,Mamaearth
60606,Cera Ve
60629,Garnier
60633,Himalaya
60688,Cetaphil
60707,La Roche Posay
60782,Neutrogena
60795,The Ordinary
60847,The Ordinary
60955,Himalaya
60964,Garnier
61053,La Roche Posay
61107,Garnier
61151,La Roche Posay
61162,Himalaya
61338,Himalaya
61368,Cera Ve
61370,Nivea
61376,Himalaya
61378,The Ordinary
61435,Cetaphil
61521,Mamaearth
61587,The Ordinary
61590,The Ordinary
61663,Himalaya
61773,Garnier
61809,Cetaphil
61841,Mamaearth
61939,Garnier
62081,Garnier
62155,Garnier
62179,Cetaphil
62211,Cetaphil
62235,Garnier
62314,Cera Ve
62453,Cera Ve
62469,Garnier
62486,Garnier
62487,Cera Ve
62638,Garnier
62639,POND'S
62695,Cetaphil
62731,Cetaphil
62785,Garnier
62849,Neutrogena
62958,Nivea
62985,The Ordinary
63042,Cetaphil
63064,POND'S
63075,Neutrogena
63085,The Ordinary
63144,POND'S
63147,Cera Ve
63176,The Ordinary
63186,The Ordinary
63211,Garnier
63283,Garnier
63312,Neutrogena
63354,The Ordinary
63423,Garnier
63461,Mamaearth
63625,Garnier
63750,The Ordinary
63751,Mamaearth
63785,Cera Ve
63786,POND'S
63794,Himalaya
63895,Himalaya
63940,Neutrogena
64107,Cera Ve
64116,Garnier
64164,La Roche Posay
64266,Nivea
64267,La Roche Posay
64415,Cera Ve
64432,Cera Ve
64477,Nivea
64513,La Roche Posay
64540,Garnier
64650,Nivea
64674,Garnier
64695,Cetaphil
64704,Mamaearth
64740,Garnier
64781,Mamaearth
64806,POND'S
64868,Cera Ve
64919,Neutrogena
64921,Himalaya
64943,Nivea
64945,POND'S
64970,Himalaya
65011,Mamaearth
65029,The Ordinary
65064,La Roche Posay
65133,La Roche Posay
65148,Garnier
65149,Neutrogena
65153,Cetaphil
65166,Himalaya
65211,Cera Ve
65247,Cetaphil
65288,Himalaya
65302,Nivea
65357,Himalaya
65382,Mamaearth
65418,Neutrogena
65446,Himalaya
29564,Neutrogena
29925,Cetaphil
30047,Cera Ve
30193,Nivea
30062,Garnier
30421,Garnier
30635,Cera Ve
29235,La Roche Posay
18073,Neutrogena
18119,Nivea
28693,La Roche Posay
18183,Garnier
27778,Neutrogena
29770,Nivea
30934,Himalaya
18348,POND'S
28380,Cera Ve
18416,Himalaya
18564,La Roche Posay
29264,Cetaphil
30223,POND'S
18598,Cera Ve
27825,La Roche Posay
30596,Cera Ve
29291,Garnier
22310,POND'S
29961,Garnier
28443,Nivea
30478,The Ordinary
18843,La Roche Posay
18874,Himalaya
18886,Cera Ve
18974,Cetaphil
19139,The Ordinary
29498,Garnier
29817,La Roche Posay
30605,POND'S
30766,La Roche Posay
27881,Nivea
30990,The Ordinary
26981,La Roche Posay
19269,Cetaphil
29038,POND'S
29528,Mamaearth
30515,The Ordinary
30608,The Ordinary
31005,Neutrogena
29350,Garnier
19387,The Ordinary
19421,Garnier
19544,POND'S
28784,The Ordinary
28776,Nivea
29048,Mamaearth
29357,Garnier
19693,Cetaphil
19704,Mamaearth
19761,Cetaphil
19785,Cera Ve
19809,Neutrogena
19820,The Ordinary
29054,Himalaya
19857,Himalaya
11111,Mamaearth
20002,Himalaya
28512,Neutrogena
29105,POND'S
30153,Mamaearth
89158,POND'S
28813,Garnier
20252,Cera Ve
20296,Mamaearth
20424,Himalaya
63161,POND'S
20512,Garnier
20544,Cera Ve
20584,The Ordinary
20612,Mamaearth
20629,The Ordinary
20628,POND'S
20677,La Roche Posay
20694,Cetaphil
20736,Himalaya
20793,La Roche Posay
20871,The Ordinary
89211,Cera Ve
21017,Cetaphil
21096,Himalaya
21132,Mamaearth
21265,Cetaphil
21280,Mamaearth
81158,POND'S
27053,Nivea
21367,Himalaya
21458,Mamaearth
21483,The Ordinary
21517,Nivea
21590,Cera Ve
28523,Himalaya
81167,Cetaphil
21772,La Roche Posay
89260,Neutrogena
21872,Himalaya
22357,POND'S
22494,The Ordinary
22566,Himalaya
22589,Neutrogena
22607,Cetaphil
81218,Himalaya
27974,Cera Ve
22963,Mamaearth
22986,Neutrogena
23004,Mamaearth
23235,Cetaphil
23243,Garnier
23285,Neutrogena
23484,Cera Ve
23492,Himalaya
23555,Cera Ve
23561,Garnier
23602,Neutrogena
23621,Garnier
23661,Himalaya
23715,Neutrogena
23763,Mamaearth
23775,The Ordinary
23824,Cera Ve
23861,Garnier
23910,Cetaphil
23937,POND'S
24003,Himalaya
23982,La Roche Posay
24057,Nivea
24068,Neutrogena
24179,The Ordinary
24456,Cera Ve
27128,Mamaearth
24468,The Ordinary
24514,Himalaya
24560,Himalaya
24520,Neutrogena
24662,Mamaearth
24691,The Ordinary
24768,La Roche Posay
24796,Mamaearth
24823,Mamaearth
24852,Nivea
24902,Cera Ve
24928,POND'S
24990,Himalaya
25094,Mamaearth
25113,Himalaya
25142,La Roche Posay
25253,POND'S
25301,Cetaphil
25343,Himalaya
25393,Neutrogena
25396,La Roche Posay
25487,Cetaphil
25520,POND'S
25558,The Ordinary
25590,Neutrogena
30158,Mamaearth
69626,POND'S
40266,Nivea
89971,Himalaya
89981,Neutrogena
89983,Cera Ve
90532,The Ordinary
31130,Garnier
61193,POND'S
31247,Garnier
31249,POND'S
89836,Nivea
90275,POND'S
31417,The Ordinary
31429,Cetaphil
89991,Mamaearth
16510,Nivea
62560,POND'S
30,Himalaya
31651,The Ordinary
89699,Cera Ve
31820,POND'S
66332,Cetaphil
29111,POND'S
31989,Neutrogena
32107,La Roche Posay
32152,Nivea
63358,Neutrogena
64766,The Ordinary
90571,POND'S
32259,Nivea
32304,The Ordinary
32315,Cetaphil
32460,La Roche Posay
32433,Neutrogena
32474,POND'S
32546,Cetaphil
32570,Cetaphil
32604,Mamaearth
32617,Cetaphil
76,Cetaphil
90570,Cetaphil
32726,POND'S
66593,La Roche Posay
66626,Garnier
89889,Mamaearth
90572,Garnier
32751,The Ordinary
32829,Cera Ve
32864,Neutrogena
32855,La Roche Posay
86222,Nivea
90574,Garnier
33076,Nivea
33111,Himalaya
33239,Neutrogena
33251,Nivea
33276,La Roche Posay
33340,POND'S
33373,Mamaearth
33504,La Roche Posay
33508,Cera Ve
33570,Cetaphil
33606,Cera Ve
33696,Mamaearth
33743,Himalaya
33781,The Ordinary
33869,La Roche Posay
4913,Mamaearth
28840,Nivea
34127,Nivea
34132,Himalaya
34185,La Roche Posay
34219,Nivea
34306,Cera Ve
34364,Cetaphil
34385,Neutrogena
34391,Mamaearth
39511,Cera Ve
40668,Cera Ve
34437,POND'S
34536,Mamaearth
34597,Nivea
34626,Nivea
34677,Mamaearth
34702,La Roche Posay
34727,Mamaearth
34768,Garnier
34801,Cera Ve
34882,POND'S
34898,Himalaya
34955,Mamaearth
34970,Neutrogena
35006,Nivea
35008,Garnier
35018,Mamaearth
35020,Himalaya
35028,POND'S
81275,Nivea
35052,The Ordinary
89469,Garnier
68087,Cetaphil
35066,Cera Ve
35100,POND'S
35120,La Roche Posay
35189,Himalaya
65286,Himalaya
89765,Neutrogena
35315,Cetaphil
35349,Neutrogena
35355,Cetaphil
35388,La Roche Posay
35464,Mamaearth
35468,Mamaearth
35483,Nivea
21940,Mamaearth
35514,Himalaya
35631,Cetaphil
90433,Garnier
88909,Cera Ve
89780,Mamaearth
90018,La Roche Posay
89489,Cera Ve
35692,Nivea
35708,Mamaearth
64852,Nivea
35816,Neutrogena
35869,Nivea
35894,Garnier
35959,Cetaphil
36035,Cera Ve
36043,Neutrogena
36068,La Roche Posay
36142,Cera Ve
36152,Cera Ve
36223,Neutrogena
36266,Himalaya
89925,Cetaphil
90589,POND'S
36295,Cetaphil
36288,Garnier
36299,Neutrogena
36348,Neutrogena
36373,Nivea
36380,Neutrogena
36384,Cera Ve
6363,POND'S
36440,Mamaearth
36436,Nivea
36473,Himalaya
36546,Mamaearth
36556,Neutrogena
36585,Cetaphil
36663,Cera Ve
36887,POND'S
36951,Garnier
36978,Himalaya
37010,Garnier
73832,POND'S
37052,The Ordinary
37058,Garnier
37119,La Roche Posay
37127,Cetaphil
61823,Garnier
89680,Himalaya
37255,Nivea
37311,Cera Ve
86377,The Ordinary
3393,Mamaearth
90591,Mamaearth
89190,Cetaphil
37460,Cetaphil
90105,Himalaya
37590,Garnier
37615,La Roche Posay
70898,POND'S
37627,Neutrogena
61940,Neutrogena
70553,The Ordinary
37739,Himalaya
89942,The Ordinary
61979,Himalaya
1815,Nivea
37813,Neutrogena
37821,Garnier
37873,Garnier
37929,Neutrogena
38009,POND'S
3976,Garnier
90666,Cera Ve
38086,Neutrogena
89948,Neutrogena
38232,Himalaya
38243,La Roche Posay
38266,Himalaya
38286,The Ordinary
38299,Nivea
38337,Garnier
38372,Himalaya
38484,Cetaphil
38534,La Roche Posay
38676,POND'S
38712,La Roche Posay
64397,The Ordinary
38775,La Roche Posay
38777,Cera Ve
38807,Cera Ve
6631,Himalaya
38990,Neutrogena
39004,Garnier
39036,La Roche Posay
39039,POND'S
39149,POND'S
39159,Cera Ve
39215,Mamaearth
39268,The Ordinary
39369,Cera Ve
90134,Mamaearth
72030,Mamaearth
39488,Garnier
39662,Nivea
39682,La Roche Posay
39716,Cera Ve
39712,Mamaearth
39767,The Ordinary
39751,The Ordinary
7459,Himalaya
39814,Neutrogena
39839,Neutrogena
39855,The Ordinary
39889,La Roche Posay
70889,The Ordinary
39961,Cetaphil
40018,Cetaphil
40052,Nivea
72255,La Roche Posay
40081,Garnier
40085,Nivea
40098,Neutrogena
40099,The Ordinary
89965,The Ordinary
40107,POND'S
40214,La Roche Posay
74273,Mamaearth
70961,La Roche Posay
40290,Neutrogena
40441,La Roche Posay
40528,Cera Ve
40598,Cera Ve
40723,La Roche Posay
38495,Mamaearth
40760,La Roche Posay
40811,The Ordinary
40905,Neutrogena
41168,Mamaearth
41024,Cera Ve
41044,Cera Ve
82847,Garnier
41077,La Roche Posay
41333,Nivea
78635,Cera Ve
41650,La Roche Posay
41712,Mamaearth
59945,Cera Ve
42140,Himalaya
42158,Neutrogena
73115,Mamaearth
42356,La Roche Posay
42361,POND'S
42380,Garnier
42389,La Roche Posay
81365,POND'S
42513,POND'S
42608,Garnier
42641,Cera Ve
42750,Himalaya
42751,Cetaphil
42878,La Roche Posay
42893,La Roche Posay
42981,Cera Ve
42998,Cera Ve
43014,Garnier
43055,Cetaphil
43078,POND'S
43102,Himalaya
43141,POND'S
67589,The Ordinary
43409,Himalaya
43504,Himalaya
43532,Nivea
43628,POND'S
43677,Cera Ve
43853,La Roche Posay
43858,Garnier
43874,Nivea
44023,Cera Ve
44029,Cera Ve
44079,Cera Ve
44254,Cetaphil
44414,La Roche Posay
44427,Cera Ve
44450,Mamaearth
44456,POND'S
44490,La Roche Posay
44589,Mamaearth
44601,Mamaearth
44663,Garnier
44667,The Ordinary
44673,Neutrogena
76889,La Roche Posay
44781,Neutrogena
44816,POND'S
44834,Himalaya
44847,Himalaya
44991,Himalaya
45004,POND'S
45050,Mamaearth
45114,La Roche Posay
45176,La Roche Posay
45234,Mamaearth
45235,Cetaphil
45248,Cetaphil
45301,Nivea
45308,La Roche Posay
73223,Mamaearth
45467,Cera Ve
45473,Garnier
45489,La Roche Posay
45587,Himalaya
45650,Garnier
45740,POND'S
45771,Cera Ve
45831,POND'S
45858,POND'S
47403,The Ordinary
46115,La Roche Posay
46229,Cera Ve
87125,Himalaya
46346,Garnier
46376,Neutrogena
46488,Garnier
42142,La Roche Posay
46686,Nivea
46746,Nivea
46774,Mamaearth
47048,Cetaphil
89610,Mamaearth
89611,La Roche Posay
47150,La Roche Posay
47196,Cera Ve
47321,Neutrogena
47470,Neutrogena
47500,POND'S
47606,Neutrogena
47637,Cetaphil
47684,La Roche Posay
47720,POND'S
47993,Garnier
48031,Cera Ve
48054,Garnier
48266,Nivea
48270,Mamaearth
48299,Garnier
48430,Himalaya
48452,Nivea
48507,Mamaearth
48515,Cetaphil
48539,The Ordinary
48548,Mamaearth
48635,Nivea
48682,Cera Ve
48864,Cetaphil
48975,La Roche Posay
49010,The Ordinary
49049,Cetaphil
49176,Nivea
49199,Nivea
49229,Nivea
68687,Cetaphil
49394,Nivea
49455,Garnier
49456,POND'S
49480,La Roche Posay
49494,Garnier
49505,Mamaearth
49686,Neutrogena
49948,Mamaearth
49984,Garnier
50004,La Roche Posay
50010,POND'S
50074,Mamaearth
50093,POND'S
50101,Cetaphil
50162,La Roche Posay
76904,Mamaearth
50335,Cera Ve
50361,Neutrogena
50363,POND'S
50369,Mamaearth
50425,Cetaphil
50462,Cetaphil
50519,POND'S
50564,POND'S
50639,Garnier
50771,La Roche Posay
50790,Neutrogena
50795,Nivea
50850,Himalaya
50851,La Roche Posay
50859,Neutrogena
45548,Mamaearth
62726,Neutrogena
51027,Mamaearth
51044,Cera Ve
51076,Mamaearth
51326,Himalaya
51327,Cetaphil
63386,Neutrogena
51479,POND'S
51500,Mamaearth
51501,Nivea
51507,Mamaearth
51596,Neutrogena
51597,Garnier
51607,Himalaya
51635,Mamaearth
51735,Nivea
51755,Mamaearth
51849,Neutrogena
51872,Garnier
60366,Nivea
51979,Cetaphil
52028,POND'S
52052,Cetaphil
52094,POND'S
52110,The Ordinary
52137,POND'S
52197,Cera Ve
60391,Garnier
90498,Mamaearth
52290,Cera Ve
52322,Cera Ve
52353,Himalaya
73364,Cera Ve
52449,POND'S
52469,Cera Ve
52475,Mamaearth
53333,Garnier
53171,Himalaya
53276,Himalaya
53474,Cera Ve
53617,La Roche Posay
53756,Himalaya
53798,Himalaya
53863,La Roche Posay
80675,Cera Ve
54113,The Ordinary
54164,Mamaearth
54142,Garnier
64754,Neutrogena
54221,Neutrogena
54482,Nivea
64376,Garnier
60287,Neutrogena
55043,Himalaya
78047,Cetaphil
76265,Garnier
55625,Garnier
55685,Cetaphil
55910,Nivea
56012,Cetaphil
56129,The Ordinary
56267,Nivea
56351,La Roche Posay
90500,La Roche Posay
56393,Nivea
56543,Cetaphil
56666,POND'S
89649,The Ordinary
89650,Garnier
78146,Neutrogena
82916,POND'S
48038,Garnier
8743,Nivea
91022,Nivea
91037,Garnier
91055,Nivea
91142,Neutrogena
91146,The Ordinary
91148,Mamaearth
91191,Nivea
91256,Neutrogena
91220,The Ordinary
91219,Nivea
91271,Nivea
91320,Neutrogena
90709,Nivea
90731,Garnier
90739,POND'S
91563,Nivea
91577,Mamaearth
91585,Mamaearth
91806,The Ordinary
91850,The Ordinary
91832,Nivea
91904,POND'S
92077,POND'S
92110,Cetaphil
92101,Cetaphil
92189,Garnier
92239,Nivea
92317,Himalaya
92396,Cetaphil
92399,La Roche Posay
92495,Neutrogena
92537,Cera Ve
92534,Himalaya
92546,Nivea
92582,Cetaphil
92563,Nivea
92616,La Roche Posay
92649,La Roche Posay
92854,Cera Ve
92866,The Ordinary
92929,POND'S
92935,Mamaearth
92961,Nivea
91699,Cetaphil
93014,The Ordinary
93077,La Roche Posay
93133,Himalaya
93102,Garnier
93145,Neutrogena
93195,Neutrogena
93206,Cera Ve
93218,La Roche Posay
93223,Cera Ve
93228,Himalaya
93284,POND'S
93295,La Roche Posay
93390,Nivea
93447,Garnier
93448,Nivea
93478,Mamaearth
93460,La Roche Posay
93502,POND'S
93537,La Roche Posay
93554,Nivea
94267,The Ordinary
94315,Garnier
94367,Garnier
94495,POND'S
94597,Neutrogena
94630,Cera Ve
4058,Mamaearth
5059,La Roche Posay
5292,Himalaya
5712,Nivea
6232,Neutrogena
6585,Nivea
6562,POND'S
94885,Neutrogena
94912,Neutrogena
8632,Nivea
94973,Mamaearth
95001,The Ordinary
13446,Nivea
95023,Cetaphil
95034,Nivea
23597,Cera Ve
95102,La Roche Posay
60658,Neutrogena
95235,Mamaearth
95244,Garnier
95342,Himalaya
95391,Garnier
90781,Cetaphil
95472,Cera Ve
64958,The Ordinary
90679,Nivea
91147,Mamaearth
91240,Garnier
91299,Nivea
91395,Neutrogena
90779,The Ordinary
91573,Cera Ve
91504,Himalaya
91578,POND'S
91740,Garnier
91814,Cetaphil
91828,Cera Ve
91868,Himalaya
91937,Mamaearth
92146,Mamaearth
92250,Nivea
95787,Cera Ve
92523,POND'S
92511,Neutrogena
92557,Mamaearth
92683,Cera Ve
92869,The Ordinary
92880,Garnier
93078,La Roche Posay
93089,The Ordinary
93138,Himalaya
93162,Cetaphil
93163,The Ordinary
93292,Nivea
93353,Mamaearth
93355,The Ordinary
93456,Himalaya
93461,Neutrogena
